<?xml version="1.0" encoding="utf-8"?>
<rss version="2.0" xmlns:atom="http://www.w3.org/2005/Atom">
    <channel>
        <title>Welcome to Spress</title>
        <link>http://localhost:4000</link>
        <description>RSS feed for Welcome to Spress</description>
        <atom:link href="http://localhost:4000/rss.xml" rel="self" type="application/rss+xml" />
                    <item>
                <title>Welcome to Spress</title>
                <description><![CDATA[<p>To create a new post, simply run <code>spress new:post</code> command or add a file
in the <code>_posts</code> directory that follows the convention <code>YYYY-MM-DD-name-of-post.md</code>.</p>

<p>More information about Spress:</p>

<ul>
<li><a href="http://spress.yosymfony.com">Spress</a></li>
<li><a href="http://github.com/spress">Github</a></li>
<li><a href="https://gitter.im/spress/Spress?utm_source=badge&amp;utm_medium=badge&amp;utm_campaign=pr-badge"><img src="https://badges.gitter.im/Join%20Chat.svg" alt="Gitter" /></a></li>
</ul>
]]></description>
                <link>http://localhost:4000/posts/2014/12/29/welcome-to-spress/</link>
                <pubDate>Mon, 29 Dec 2014 19:28:57 +0000</pubDate>
                <guid>http://localhost:4000/posts/2014/12/29/welcome-to-spress/</guid>
            </item>
                    <item>
                <title>Sample post</title>
                <description><![CDATA[<p>Below is just about everything you'll need to style in the theme. Check the source code to see the many embedded elements within paragraphs.</p>

<h1>Heading 1</h1>

<h2>Heading 2</h2>

<h3>Heading 3</h3>

<h4>Heading 4</h4>

<h5>Heading 5</h5>

<h6>Heading 6</h6>

<h3>Body text</h3>

<p>Lorem ipsum dolor sit amet, test link adipiscing elit. <strong>This is strong</strong>. Nullam dignissim convallis est. Quisque aliquam.</p>

<p><em>This is emphasized</em>. Donec faucibus. Nunc iaculis suscipit dui. 53 = 125. Water is H<sub>2</sub>O. Nam sit amet sem. Aliquam libero nisi, imperdiet at, tincidunt nec, gravida vehicula, nisl. The New York Times <cite>(That’s a citation)</cite>. <u>Underline</u>. Maecenas ornare tortor. Donec sed tellus eget sapien fringilla nonummy. Mauris a ante. Suspendisse quam sem, consequat at, commodo vitae, feugiat in, nunc. Morbi imperdiet augue quis tellus.</p>

<p>HTML and <abbr title="cascading stylesheets">CSS<abbr> are our tools. Mauris a ante. Suspendisse quam sem, consequat at, commodo vitae, feugiat in, nunc. Morbi imperdiet augue quis tellus. Praesent mattis, massa quis luctus fermentum, turpis mi volutpat justo, eu volutpat enim diam eget metus.</p>

<h3>Blockquotes</h3>

<blockquote>
  <p>Lorem ipsum dolor sit amet, test link adipiscing elit. Nullam dignissim convallis est. Quisque aliquam.</p>
</blockquote>

<h2>List Types</h2>

<h3>Ordered Lists</h3>

<ol>
<li>Item one

<ol>
<li>sub item one</li>
<li>sub item two</li>
<li>sub item three</li>
</ol></li>
<li>Item two</li>
</ol>

<h3>Unordered Lists</h3>

<ul>
<li>Item one</li>
<li>Item two</li>
<li>Item three</li>
</ul>

<h2>Tables</h2>

<table>
<thead>
<tr>
  <th>Tables</th>
  <th align="center">Are</th>
  <th align="right">Cool</th>
</tr>
</thead>
<tbody>
<tr>
  <td>col 3 is</td>
  <td align="center">right-aligned</td>
  <td align="right">$1600</td>
</tr>
<tr>
  <td>col 2 is</td>
  <td align="center">centered</td>
  <td align="right">$12</td>
</tr>
<tr>
  <td>zebra stripes</td>
  <td align="center">are neat</td>
  <td align="right">$1</td>
</tr>
</tbody>
</table>

<h2>Code Snippets</h2>

<pre><code>$a = 'your text';
$a .= ' and more';
</code></pre>

<h2>Buttons</h2>

<p><input type="submit" value="Send" />
<input type="reset" value="Reset" class="alt" /></p>
]]></description>
                <link>http://localhost:4000/posts/2014/12/23/sample-post/</link>
                <pubDate>Tue, 23 Dec 2014 19:28:57 +0000</pubDate>
                <guid>http://localhost:4000/posts/2014/12/23/sample-post/</guid>
            </item>
            </channel>
</rss>
